method_id	type	target	accession	length	sequence
QL-CON-00-001	construct-specific	CaMV P-35S / CTP	AX033493	171	TGATGTGATATCTCCACTGACGTAAGGGATGACGCACAATCCCACTATCCTTCGCAAGACCCTTCCTCTATATAAGGAAGTTCATTTCATTTGGAGAGGACACGCTGACAAGCTGACTCTAGCAGATCTTTCAAGAATGGCACAAATTAACAACATGGCTCAAGGGATACA
QL-CON-00-002	construct-specific	T-nos / PG	none	350	GGATCCTTAGAAGCATCTAGTNNNNNNNNNNNNNNNNNNNNNNNNNNNNNNNNNNNNNNNNNNNNNNNNNNNNNNNNNNNNNNNNNNNNNNNNNNNNNNNNNNNNNNNNNNNNNNNNNNNNNNNNNNNNNNNNNNNNNNNNNNNNNNNNNNNNNNNNNNNNNNNNNNNNNNNNNNNNNNNNNNNNNNNNNNNNNNNNNNNNNNNNNNNNNNNNNNNNNNNNNNNNNNNNNNNNNNNNNNNNNNNNNNNNNCTGTTGCCGGTCTTGCGATG
QL-CON-00-003	construct-specific	IVS 2 ADH1 / pat	AR110602	189	CTGGGAGGCCAAGGTATCTAATCAGCCATCCCATTTGTGATCTTTGTCAGTAGATATGATACAACAACTCGCGGTTGACTTGCGCCTTCTTGGCGGCTTATCTGTCTCAGGGGCAGACTCCCGTGTTCCCTCGGATCTCGACATGTCTCCGGAGAGGAGACCAGTTGAGATTAGGCCAGCTACAGCAGC
QL-CON-00-004	construct-specific	P-CDPK / Cry1A(b)	none	212	CTCTCGCCGTTCATGTCCGTNNNNNNNNNNNNNNNNNNNNNNNNNNNNNNNNNNNNNNNNNNNNNNNNNNNNNNNNNNNNNNNNNNNNNNNNNNNNNNNNNNNNNNNNNNNNNNNNNNNNNNNNNNNNNNNNNNNNNNNNNNNNNNNNNNNNNNNNNNNNNNNNNNNNNNACATCAGCCTGAGCCTGACC
QL-CON-00-005	construct-specific	pat / CaMV T-35S	none	210	ATGGTGGATGGCATGATGTTGNNNNNNNNNNNNNNNNNNNNNNNNNNNNNNNNNNNNNNNNNNNNNNNNNNNNNNNNNNNNNNNNNNNNNNNNNNNNNNNNNNNNNNNNNNNNNNNNNNNNNNNNNNNNNNNNNNNNNNNNNNNNNNNNNNNNNNNNNNNNNNNNNNNNNNNNNNNNGGGTTCTTATAGGGTTTCGCTCA
QL-CON-00-006	construct-specific	CaMV P-35S / CTP	AX033493	171	TGATGTGATATCTCCACTGACGTAAGGGATGACGCACAATCCCACTATCCTTCGCAAGACCCTTCCTCTATATAAGGAAGTTCATTTCATTTGGAGAGGACACGCTGACAAGCTGACTCTAGCAGATCTTTCAAGAATGGCACAAATTAACAACATGGCTCAAGGGATACA
QL-CON-00-007	construct-specific	Cry1Ab/Ac / T-nos	none	83	GACTGCTGGAGTGATTATCGACAGANTCGAGTTCATTCCAGTTACTGCAACACTCGAGNCTGAATAAGTCGAGGTACCGAGCT
QL-CON-00-010	construct-specific	T-nos / DHFR	OR392454.1	105	AGCGCGCAAACTAGGATAAATTATCGCGCGCGGTGTCATCTATGTTACTAGATCGATCAAGTAGATACACTACATATATCTACAATAGACATCGAGCCGGAAGGT
QL-CON-00-011	construct-specific	CaMV P-35S / pat	FN550388	102	AAGTTCATTTCATTTGGAGAGGACAGGGTACCCGGGGATCCACCATGTCTCCGGAGAGGAGACCAGTTGAGATTAGGCCAGCTACAGCAGCTGATATGGCCG
QL-ELE-00-019	element-specific	CP4-epsps	AY125353.1	108	GCATGCTTCACGGTGCAAGCAGCCGGCCCGCAACCGCCCGCAAATCCTCTGGCCTTTCCGGAACCGTCCGCATTCCCGGCGACAAGTCGATCTCCCACCGGTCCTTCA
QL-ELE-00-020	element-specific	Cry1A(b)	none	73	ACCGGTTACACTCCCATCGANNNNNNNNNNNNNNNNNNNNNNNNNNNNNNNNNNGAGTTCGTGCCAGGTGCTG
QL-ELE-00-021	element-specific	pat	none	109	CCGCGGTTTGTGATATCGTTNNNNNNNNNNNNNNNNNNNNNNNNNNNNNNNNNNNNNNNNNNNNNNNNNNNNNNNNNNNNNNTTGATGATCTAGAGAGGTTGCAAGA
QL-EVE-BN-002	event-specific	GT73 (RT73, oilseed rape)	AX685147	204	AATAACGCTGCGGACATCTACATTTTTGAATTGAAAAAAAATTGGTAATTACTCTTTCTTTTTCTCCATATTGACCATCATACTCATTGCTGATCCATGTAGATTTCCCGGACATGAAGATCATCCTCCTTCCTTTCCTTGCCTTTCCTTCCTTTTCTTGCCTTCGTATAAGCTTGTGTCAATTGTTGACAGAGAATCTTGCTG
QL-EVE-DC-001	event-specific	123-2-38 insert (Carnation)	none	375	CAATGCCTCGCCTTTTGTGGNNNNNNNNNNNNNNNNNNNNNNNNNNNNNNNNNNNNNNNNNNNNNNNNNNNNNNNNNNNNNNNNNNNNNNNNNNNNNNNNNNNNNNNNNNNNNNNNNNNNNNNNNNNNNNNNNNNNNNNNNNNNNNNNNNNNNNNNNNNNNNNNNNNNNNNNNNNNNNNNNNNNNNNNNNNNNNNNNNNNNNNNNNNNNNNNNNNNNNNNNNNNNNNNNNNNNNNNNNNNNNNNNNNNNNNNNNNNNNNNNNNNNNNNNNNNNNNNNNNNNNNNNCGACGTGTCTACATTCACGT
QL-EVE-DC-003	event-specific	25958 (IFD-25958-3, Carnation)	JRC77720	482	TGGACCCTTGAGGAAACTGGTAGCNNNNNNNNNNNNNNNNNNNNNNNNNNNNNNNNNNNNNNNNNNNNNNNNNNNNNNNNNNNNNNNNNNNNNNNNNNNNNNNNNNNNNNNNNNNNNNNNNNNNNNNNNNNNNNNNNNNNNNNNNNNNNNNNNNNNNNNNNNNNNNNNNNNNNNNNNNNNNNNNNNNNNNNNNNNNNNNNNNNNNNNNNNNNNNNNNNNNNNNNNNNNNNNNNNNNNNNNNNNNNNNNNNNNNNNNNNNNNNNNNNNNNNNNNNNNNNNNNNNNNNNGAGCATAACGCGGTGTACAAG
QL-EVE-DC-004	event-specific	26407 (IFD-26407-2, Carnation)	JRC85668	491	ATTTCCACCTTCACCTACGATGGNNNNNNNNNNNNNNNNNNNNNNNNNNNNNNNNNNNNNNNNNNNNNNNNNNNNNNNNNNNNNNNNNNNNNNNNNNNNNNNNNNNNNNNNNNNNNNNNNNNNNNNNNNNNNNNNNNNNNNNNNNNNNNNNNNNNNNNNNNNNNNNNNNNNNNNNNNNNNNNNNNNNNNNNNNNNNNNNNNNNNNNNNNNNNNNNNNNNNNNNNNNNNNNNNNNNNNNNNNNNNNNNNNNNNNNNNNNNNNNNNNNNNNNNNNNNNNNNNNNNNNNNNNNNNNNNNNNNNNNNNNNNNNNNNNNNNNNNNNNNNNNNNNNNNNNNNNNNNNNNNNNNNNNNNNNNNNNNNNNNNNNNNNNNNNNNNCTCATCCAATTTGTACCCGTG
QL-EVE-DC-005	event-specific	27531 (SHD-27531-4, Carnation)	none	458	CGAGTAAATTCAAGCATGCCCNNNNNNNNNNNNNNNNNNNNNNNNNNNNNNNNNNNNNNNNNNNNNNNNNNNNNNNNNNNNNNNNNNNNNNNNNNNNNNNNNNNNNNNNNNNNNNNNNNNNNNNNNNNNNNNNNNNNNNNNNNNNNNNNNNNNNNNNNNNNNNNNNNNNNNNNNNNNNNNNNNNNNNNNNNNNNNNNNNNNNNNNNNNNNNNNNNNNNNNNNNNNNNNNNNNNNNNNNNNNNNNNNNNNNNNNNNNNNNNNNNNNNNNNNNNNNNNNNNNNNNNNNNNNNNNNNNNNNNNNNNNNNNNNNNNNNNNNNNNNNNNNNNNNNNNNNNNNNNNNNNNNNNNNNNNNNNNNNNNNNNNNNNNNNNNNNNNNNNNNNNNNNNNNNNNNNNNNNNNNNNNNNNNNNNNNNNNNGCAATGAGTATGATGGTCAATATGG
QL-EVE-DC-006	event-specific	123.8.8 (FLO-40685-2, Carnation)	none	338	TGGTGGACCCTTGAGGAAACTGNNNNNNNNNNNNNNNNNNNNNNNNNNNNNNNNNNNNNNNNNNNNNNNNNNNNNNNNNNNNNNNNNNNNNNNNNNNNNNNNNNNNNNNNNNNNNNNNNNNNNNNNNNNNNNNNNNNNNNNNNNNNNNNNNNNNNNNNNNNNNNNNNNNNNNNNNNNNNNNNNNNNNNNNNNNNNNNNNNNNNNNNNNNNNNNNNNNNNNNNNNNNNNNNNNNNNNNNNNNNNNNNNNNNNNNNNNNNNNNNNNNNNNNNNNNNNNNNNNNNNNNNNNNNNNNNNNNNNNCTACATCAGTCAGCCATTGTAT
QL-EVE-EC-001	event-specific	AG3139 insert (E. coli K-12)	JRC56610	90	AATACCGTTAAACGTAAATTCTTTTTCTTTNNAGATCGAGTATTCATTCGGTGTATTGATTCACTTGANNTACGAAAAAAACCGGGAGGA
QL-EVE-EC-002	event-specific	19E insert (E. coli K-12)	JRC97510	85	GGTTATCCAGTAATAGCCATCTTCATCNNNNNNNNNNCCGTCGCCGCTGTATTGATTCACTTGAAGTACGAAAAAAACCGGGGAGG
QL-EVE-KP-001	event-specific	MxY0541 (Komagataella phaffii)	none	130	AACTCACTTCCGTACGCAACCANNNNNNNNNNNNNNNNNNNNNNNNNNNNNNNNNNNNNNNNNNNNNNNNNNNNNNNNACGGTAGCTAGCTCAAGAGGANNNNNNNNNGCCATTTGCCTGAGAGATGCAG
QL-EVE-OS-001	event-specific	LLRICE601 insert (Rice)	none	66	TCTAGGATCCGAAGCAGATCGTNCCACCTCCCAACAATAAAAGCGCCTGNACACTCCGCGCCCTCC
QL-EVE-ZM-001	event-specific	MON810 insert (Maize)	none	170	TCGAAGGACGAAGGACTCTAACGNNNNNNNNNNNNNNNNNNNNNNNNNNNNNNNNNNNNNNNNNNNNNNNNNNNNNNNNNNNNNNNNNNNNNNNNNNNNNNNNNNNNNNNNNNNNNNNNNNNNNNNNNNNNNNNNNNCGACAGTGGTCCCAAAGATGGA
QL-EVE-ZM-002	event-specific	Bt10 insert (Maize)	none	117	CACACAGGAGATTATTATAGGGTTACTCANNNNNNNNNNNNNNNNNNNNNNNNNNNNNNNNNNNNNNNNNNNNNNNNNNNNNNNNNNNNNAGAGTATGAGTATTCAACATTTCCGTGT
QT-CON-00-001	construct-specific	CP4-epsps / CTP junction	AY125353.1	121	CCTTTAGGATTTCAGCATCAGTGGCTACAGCCTGCATGCTTCACGGTGCAAGCAGCCGGCCCGCAACCGCCCGCAAATCCTCTGGCCTTTCCGGAACCGTCCGCATTCCCGGCGACAAGTC
QT-CON-00-002	construct-specific	CP4-epsps / CTP junction	AY125353.1	88	GGATTTCAGCATCAGTGGCTACAGCCTGCATGCTTCACGGTGCAAGCAGCCGGCCCGCAACCGCCCGCAAATCCTCTGGCCTTTCCGG
QT-CON-00-003	construct-specific	CaMV P-35S / CTP	AX033493	74	CATTTGGAGAGGACACGCTGACAAGCTGACTCTAGCAGATCTTTCAAGAATGGCACAAATTAACAACATGGCTC
QT-CON-00-004	construct-specific	IVS 1 HSP70 / Cry1A(b)	none	113	GATGCCTTCTCCCTAGTGTTGANNNNNNNNNNNNNNNNNNNNNNNNNNNNNNNNNNNNNNNNNNAGATACCAAGCGGCCATGGACAACAANNCAAACATCAACGAGTGCATCC
QT-CON-00-005	construct-specific	pat / CaMV T-35S	none	149	GCCAGTTAGGCCAGTTACCCANNNNNNNNNNNNNNTGCAGGCATGCCCGCTGAAATCNNNNNNNNNNNNNNNNNNNNNNNNNNNNNNNNNNNNNNNNNNNNNNNNNNNNNNNNNNNNNNNNNNNNAGGGTTCTTATAGGGTTTCGCTCA
QT-CON-00-006	construct-specific	Cry1A(b) / IVS 6 ADH1	none	127	AAAAGACCACAACAAGCCGCNNNNNNNNNNNNNNCGACCATGGACAACAACCCAAACATCANNNNNNNNNNNNNNNNNNNNNNNNNNNNNNNNNNNNNNNNNNNAGTACTTGGTGGAGAACGCATTG
QT-CON-00-007	construct-specific	Cry1A(b) / IVS 9 PEPC	none	100	TGTTCACCAGCAGCAACCAGNNNNNNNNNNNNNCCGACGTGACCGACTACCACATCGANNNNNNNNNNNNNNNNNAGATCTGTTCTGCACAAAGTGGAGT
QT-CON-00-008	construct-specific	OTP / mEPSPS	none	133	GAAGCCTCGGCAACGTCANNNNNNNNNNAAGGATCCGGTGCATGGCCGNNNNNNNNNNNNNNNNNNNNNNNNNNNNNNNNNNNNNNNNNNNNNNNNNNNNNNNNNNNNNNNNNAAGTCGCTTTCCAACCGGAT
QT-ELE-00-001	element-specific	CaMV P-35S	none	79	CGTCTTCAAAGCAAGTGGATTGNNNNNNNNTCTCCACTGACGTAAGGGATGACGCANAATCCCACTATCCTTCGCAAGA
QT-ELE-00-002	element-specific	pat	none	68	TTGAGGGTGTTGTGGCTGGTANTGCTTACGCTGGGCCCTGGAAGNNNAGGAACGCTTACGATTGGACA
QT-ELE-00-003	element-specific	Cry1A(b)	none	129	CCCATCGACATCAGCCTGAGCNNNNNNNNNNNNNNNNNNNNNNNNNNNNNNNNNNNNNNNNNNNNCGTGCTGGGCCTGGTGGACATNNNNNNNNNNNNNNNNNNNNNNNGCCAGTGGGACGCCTTCCTG
QT-ELE-00-004	element-specific	CaMV P-35S	V00141	82	GCCTCTGCCGACAGTGGTCCCAAAGATGGACCCCCACCCACGAGGAGCATCGTGGAAAAAGAAGACGTTCCAACCACGTCTT
QT-EVE-BN-001	event-specific	T45 insert	none	123	CAATGGACACATGAATTATGCNNNNNNNNNNNNNNNNNNNNNNNNNNNNNNNNNNNNNNNNNNNNNNNNNNNNNNNNNNNNNNNNNNNNNNNNNNNNNNNNNNNNNNNNNNNNNNTAGAGGACCTAACAGAACTCGCCGTNNNNNNNNGCGAACAGTTCATACAGAGTC
QT-EVE-BN-002	event-specific	MS8 insert	none	130	GTTAGAAAAAGTAAACAATTAATATAGCCGGNNNNNNNNNNNNNNNNNNNNAATATAATCGACGGATCCCCGGGAATTCNNNNNNNNNNNNNNNNNNNNNNNNNNNNNNGATAACCAAAAACACCCTCC
QT-EVE-BN-003	event-specific	RF3 insert	none	139	CATAAAGGAAGATGGAGACTTGAGNNNNNNNNNNNNNNNNNNNNNNNNNNNNNNNNNNNNNNNNNNNNNNNNNNNNNNNNNNNNNNNNNTGGGCTTATGGTCGATAAGCGTGCGNNTGTCTGATGGTACATGCTAAATGCT
QT-EVE-BN-004	event-specific	GT73 insert	AX685147	108	CCATATTGACCATCATACTCATTGCTGATCCATGTAGATTTCCCGGACATGAAGATCATCCTCCTTCCTTTCCTTGCCTTTCCTTCCTTTTCTTGCCTTCGTATAAGC
QT-EVE-BN-005	event-specific	MS1 insert	none	187	ACGCTGCGGACATCTACATTNNNNNNNNNNNNNNNNNNNNNNNNNNNNNNNNNNNNNNNNNNNNNNNNNNNNNNNNNNCTCATTGCTGATCCACCTAGCCGACTTNNNNNNNNNNNNNNNNNNNNNNNNNNNNNNNNNNNNNNNNNNNNNNNNNNNNNNNNNNNCCATCTTCAGCTTCCGATCTAG
QT-EVE-BN-006	event-specific	RF1 insert	none	113	CTAAGGGAGGTCAAGATGTAGCNNNNNNNNNNNNNNNNNNNNNNNNNNNNNNNNNNNNNNNNNNNCTCATCATCCTCACCCAGTCAGCATCANCACACCAAAAGTTAGGCCCG
QT-EVE-BN-007	event-specific	RF2 insert	none	104	GGGTGAGACAATATATCGACGNNNNNNNNNNNNNNNNNNNNNNNNNNNNNNCACCGGCCAAATTCGCTCTTAGCCGTNNNNNNNCTCACCGGTGCGATGCCC
QT-EVE-BN-008	event-specific	Topas 19/2 insert	ACS-BN007-1	95	GTTGCGGTTCTGTCAGTTCCNNNNNNNNNNNNNNNTCCCGCGTCATCGGCGGNNNNNNNNNNNNNNNNNNNNNTCATATATCAGCGCCGGTCG
QT-EVE-GM-001	event-specific	FG72 insert (soybean)	none	70	AGATTTGATCGGGCTGCAGGNNNNAATGTGGTTCATCCGTCTTNNNNNTAATGCGGTCATCAATACGTGC
QT-EVE-GM-002	event-specific	MON87769 insert (soybean)	none	87	CATACTCATTGCTGATCCATGTAGATTNCCCGGACATGAAGCCATTTACAATTGACNNNNNNNNNCAAAACTTCACGAGCAACTTGC
QT-EVE-GM-003	event-specific	MON87705 insert (soybean)	none	86	TTCCCGGACATGAAGCCATTTACNNNNNAAGAGACTCAGGGTGTTGTTATCACTGCGGNNNNNNCTTTGGGCCAAGGCACCGTTGT
QT-EVE-GM-004	event-specific	A2704-12 insert (soybean)	none	64	GCAAAAAAGCGGTTAGCTCCTNCGGTCCTCCGATCGCCCTTCCNAACAGTTGCGCAGCCTGAAT
QT-EVE-GM-005	event-specific	40-3-2 insert (soybean)	none	84	TTCATTCAAAATAAGATCATACATACAGGTTNNNNNNNNNNNNNNNNNCCCAAATGGAAAAGGAAGGTGGCTCCTACAAATGCC
QT-EVE-GM-006	event-specific	MON89788 insert (soybean)	JRC84189	139	TCCCGCTCTAGCGCTTCAATNNNNNNNNNNNNNNNNNNNNNNNNNNNNNNNNNNNCTGAAGGCGGGAAACGACAATCTGNNNNNNNNNNNNNNNNNNNNNNNNNNNNNNNNNNNTTCTGCAGGTCCTGCTCGA
QT-EVE-GM-007	event-specific	A5547-127 insert (soybean)	none	75	GCTATTTGGTGGCATTTTTCCANNNNNCCGCAATGTCATACCGTCATCGTTGTNAGAAGTAAGTTGGCCGCAGTG
QT-EVE-GM-008	event-specific	305423 insert (soybean)	none	93	CGTGTTCTCTTTTTGGCTAGCNNNNNNNNNNNTCTCGACTTTTGTATGAAAATCATTTGTGTCANTAGTTTGTGTTATGTATTCATTGGTCAC
QT-EVE-GM-009	event-specific	356043 insert (soybean)	none	99	GTCGAATAGGCTAGGTTTACGAAAAANNNNNNNNNNNNNCTCTAGAGATCCGTCAACATGGTGGAGCACNACACTCTCGTCTACTCCAAGAATATCAAA
QT-EVE-GM-010	event-specific	MON87701 insert (soybean)	none	89	TGGTGATATGAAGATACATGCTTAGCATNNNNNNGGCACGCTTAGTGTGTGTGTCAAACACTGANNNTTTAAACTGAAGGCGGGAAACG
QT-EVE-GM-011	event-specific	CV127 insert (soybean)	none	88	AACAGAAGTTTCCGTTGAGCTTTAAGACNTTTGGGGAAGCTGTCCCATGCCCNNNNNNNNNNNNNGTACACGATCCGAGCTACGAATG
QT-EVE-GM-012	event-specific	MON87708 insert (soybean)	none	91	TCATACTCATTGCTGATCCATGTAGNNNTCCCGGACTTTAGCTCAAAATGCATGTANNNNNNNNCGTTCTGTCTTTTCGTTAATTTGTTCT
QT-EVE-GM-013	event-specific	DAS-68416-4 insert (soybean)	JRC89867	130	GTACATTAAAAACGTCCGCAATGTGTNNTTAAGTTGTCTAAGCGTCAATANNNNNNNNNNNNNNNNNNNNNNNNNNNNNNNNNNNNNNNNNNCTAACAATAAACTGTAAGAACTAATTCTTAAAC
QT-EVE-GM-014	event-specific	DAS-81419-2 insert (soybean)	JRC95211	105	TCTAGCTATATTTAGCACTTGATATTCATNNNNNNNNNNNNNNNNNNNNNNNNNNNCGGTGCGCATCGGTGCCTGTTGATNNNNCGCAAGTTGGGATCTTGAAGC
QT-EVE-GM-015	event-specific	DAS-44406-6 insert (soybean)	none	99	TTATTGTTCTTGTTGTTTCCTCTTTAGGNNNNNNNNNNNNAACGGTAAGGTCATCATGGAGGTCCGAATNNNNNNAAATTAGAAAGCTCGCAATTGAGG
QT-EVE-GM-016	event-specific	MON87751 insert (soybean)	JRC102147	87	CTAAATTGCTCTTTGGAGTTTATTTTGTAGNNNTTTCCCCTCACTTTGGAGATCTCCAGTCANCATCATCACACCAAAAGTTAAGGCC
QT-EVE-GM-017	event-specific	SYHT0H2 insert (soybean)	JRC102143	88	GGGAATTGGGTACCATGCCNNNNNNNCCAGCATGGCCGTATCCGCAANNNNNNNNNNNNNNNNNNNNACCCTAAACCAATGGCACACA
QT-EVE-GM-018	event-specific	GMB151 insert (soybean)	JRC120901	84	TCAAATCAACATGGGTGACTAGAAANNNNCAGTACTGGGCCCTTGTGGCGCTNNATCATAGCTATAAACCTATTCAGCACAATG
QT-EVE-GM-019	event-specific	DBN-09004-6 insert (soybean)	JRC134862	89	GCCGTATCCGCAATGTGTTANNNNNNNNNNNNNNNNNNNNNTTGTTTACAACTCTGTGACCCNNNNNTGAAAGCACACGTTTATGGAGC
QT-EVE-GM-020	event-specific	MON94313 insert (soybean)	JRC139074	70	GCTTTAATCCATCGTCCCTTAGTCNNNNNGTCTTGTAGCCAGTCAGNATCATCACACCAAAAGTTAGGCC
QT-EVE-GM-021	event-specific	COR23134 insert (soybean)	JRC141846	80	GACTTGCGTTAGTTGTGTTAGAATGTCNNNCGGATAGTTATATTTGTGCCAACNNNNAAACATCAAAAAAATCGGGATCA
QT-EVE-GM-022	event-specific	MON94637 insert (soybean)	none	84	ATCATACTCATTGCTGATCCATGTAGANNTCCCGGACATGAAGCCATTTACAACCATNGATGTGAGGAAGAATGTCAAAAAATGG
QT-EVE-ZM-001	event-specific	VCO-01981-5 insert (Maize)	JRC102144	85	CCACTGAACGTCACCAAGAAGANCAGTACTCAAACACTGATAGNNNNNNNNNNNNNNNNNNNNNNTAAATCCCTCGAGTAGCGGC
QT-EVE-ZM-002	event-specific	5307 insert (Maize)	JRC93074	107	CATGGCCGTATCCGCAATGTGNNNNNNNNNNNNNNNNNNNNNNNNNNNNNNNNACCACAATATACCCTCTTCCCTGGGCCAGNNNNNNNCCACTGGCAAAGGGTGCA
QT-EVE-ZM-003	event-specific	MON87427 insert (Maize)	JRC96323	95	ACGGAAACGGTCGGGTCAAATGNNNNNNNTCGGGACAATATGGAGAAAAAGAAAGAGNNNNNNNNNNNNNNGAGAAAACCGGGAAATCTACATGG
QT-EVE-ZM-004	event-specific	DAS40278 insert (Maize)	JRC76621	98	CACGAACCATTGAGTTACAATCNNNNNNNNNNNNNNNNNNNNCGGAATACAATGAAGGTTAGCTACGNNNNNNNNCAAAGCCAGAATACAATGAACCA
QT-EVE-ZM-005	event-specific	MON87460 insert (Maize)	JRC74374	82	CACGTTGAAGGAAAATGGATTGNAGGGAGTATGTAGATAAATTTTCAAAGCGTTAGACGGCNGTCTTTGAGGAGGATCGCGA
QT-EVE-ZM-006	event-specific	Bt11 insert (Maize)	JRC32111	70	GCGGAACCCCTATTTGTTTANNNNNNNAAATACATTCAAATATGTATCCGCTCATGGAGGGATTCTTGGA
QT-EVE-ZM-007	event-specific	GA21 insert (Maize)	JRC32087	112	CTTATCGTTATGCTATTTGCAACTTTAGANCATATACTAACTCATATCTCTTTCTCAACAGCAGGTGGGTNNNNNNNNNNNNNNNNNNNNNNNNNAGGAGGATCGCGAGCCA
QT-EVE-ZM-008	event-specific	NK603 insert (Maize)	JRC32103	108	ATGAATGACCTCGAGTAAGCTTGTTAANNNNNNNNNNNNNNNNNNNNNNNNNNTGGTACCACGCGACACACTTCCACTCNAGTGTTTGAGTGGATCCTGTTATCTCTT
QT-EVE-ZM-009	event-specific	MON863 insert (Maize)	JRC32105	84	TGTTACGGCCTAAATGCTGAACTNNTGACCCTACTTGTTCGGATGGGTGTTCANNNNNNNNNGTACCAAGCTTTCCGATCCTAC
QT-TAX-BN-001	taxon-specific	FatA (oilseed rape)	JRC94606	126	ACAGATGAAGTTCGGGACGAGTACTTGGTTTTCTGTCCTCGAGAACCCAGGTGAAGAAGAATCATCATGCTTCCCTTATAATTGCTAGTTAAACAGTTAATATTTAAGCATGTGGATCTCAACCTG
QT-TAX-BN-002	taxon-specific	BnC1 cruciferin (oilseed rape)	X59294	78	GCTTCCGTGATATGCACCAGAAAGTGGAGCACATAAGGACTGGGGACACCATCGCTACACATCCCGGTGTAGCCCAAT
QT-TAX-BV-001	taxon-specific	GS2 (sugar beet)	JRC139247	118	GACCTCCATATTACTGAAAGGAAGTCAAAAGGGATCAATTAAGTGCTCTACGAAGTTTAAAGTATGTGCCGCTCTCAAGACTGAACATGGCACTGTGAACAGGATGGAGCAATTACTC
QT-TAX-GM-001	taxon-specific	LE1 (soybean lectin)	K00821	81	TCCACCCCCATCCACATTTGGGACAAAGAAACCGGTAGCGTTGCCAGCTTCGCCGCTTCCTTCAACTTCACCTTCTATGCC
QT-TAX-GM-002	taxon-specific	LE1 (soybean lectin)	K00821	74	CCAGCTTCGCCGCTTCCTTCAACTTCACCTTCTATGCCCCTGACACAAAAAGGCTTGCAGATGGGCTTGCCTTC
QT-TAX-GM-003	taxon-specific	LE1 (soybean lectin)	K00821	102	CTTTCTCGCACCAATTGACACTAAGCCACAAACACATGCAGGTTATCTTGGTCTTTTCAACGAAAACGAGTCTGGTGATCAAGTCGTCGCTGTTGAGTTTGA
QT-TAX-GM-004	taxon-specific	LE1 (soybean lectin)	K00821	70	TGGTCGCGCCCTCTACTCCACCCCCATCCACATTTGGGACAAAGAAACCGGTAGCGTTGCCAGCTTCGCC
QT-TAX-ZM-001	taxon-specific	ADH1 (Maize)	AY691949	135	CGTCGTTTCCCATCTCTTCCTCCTTTAGAGCTACCACTATATAAATCAGGGCTCATTTTCTCGCTCCTCACAGGCTCATCTCGCTTTGGATCGATTGGTTTCGTAAGTGGTGAGGGACTGAGGGTCTCGGAGTGG
QT-TAX-ZM-002	taxon-specific	HMG (Maize)	AJ131373.1	79	TTGGACTAGAAATCTCGTGCTGATTAATTGTTTTACGCGTGCGTTTGTGTGGATTGTAGGACAAGGCTCCCTATGTAGC
QT-TAX-ZM-003	taxon-specific	ADH1 (Maize)	AY691949	135	CGTCGTTTCCCATCTCTTCCTCCTTTAGAGCTACCACTATATAAATCAGGGCTCATTTTCTCGCTCCTCACAGGCTCATCTCGCTTTGGATCGATTGGTTTCGTAAGTGGTGAGGGACTGAGGGTCTCGGAGTGG
